e8dea490-394a-4be9-bfa0-b289c9e9dc6a;081f901a-c4c5-4534-a30e-0765e954b8f6
e8dea490-394a-4be9-bfa0-b289c9e9dc6a;048aa22d-8ea5-4322-b5da-195be682101a
055ba9c5-e641-4edc-ae50-da1e05b3ac7b;805a518a-e040-471c-8285-c0ac6da34cf1
055ba9c5-e641-4edc-ae50-da1e05b3ac7b;514db2d6-1c39-45bd-8089-1ce109ed90b5
055ba9c5-e641-4edc-ae50-da1e05b3ac7b;bfbd000b-02a3-419b-aa42-67728ec0bca3
29cf9b15-a572-4263-a93a-cd347af846d7;3835df8f-ed88-438a-9d1d-c237b12268f1
29cf9b15-a572-4263-a93a-cd347af846d7;9a160411-6ae1-495e-b726-a7f5561cedce
29cf9b15-a572-4263-a93a-cd347af846d7;460ef206-19d4-4d46-9cdb-d8cef076e48e
7a928db9-52ee-497f-b145-6f774debbad3;805a518a-e040-471c-8285-c0ac6da34cf1
7a928db9-52ee-497f-b145-6f774debbad3;048aa22d-8ea5-4322-b5da-195be682101a
7a928db9-52ee-497f-b145-6f774debbad3;514db2d6-1c39-45bd-8089-1ce109ed90b5
7a928db9-52ee-497f-b145-6f774debbad3;bfbd000b-02a3-419b-aa42-67728ec0bca3
