e350d9ca-02de-4a4d-83aa-fb9e4526f2d8;f74fdeee-4689-4cd5-b885-cc1f199e515c
e350d9ca-02de-4a4d-83aa-fb9e4526f2d8;134771f5-53d7-4630-8426-d66c2f1eb890
e350d9ca-02de-4a4d-83aa-fb9e4526f2d8;ef3ea66d-ae5a-421f-b45b-b155f3119e5e
e350d9ca-02de-4a4d-83aa-fb9e4526f2d8;30e2f4b5-b7b8-4327-a60f-2667fd7afc17
824fc191-06dc-4421-8cc1-c512f24dcb85;f74fdeee-4689-4cd5-b885-cc1f199e515c
824fc191-06dc-4421-8cc1-c512f24dcb85;134771f5-53d7-4630-8426-d66c2f1eb890
824fc191-06dc-4421-8cc1-c512f24dcb85;ef3ea66d-ae5a-421f-b45b-b155f3119e5e
824fc191-06dc-4421-8cc1-c512f24dcb85;be2b8a72-fb51-413a-bdad-059817017729
63be029e-68ca-45df-9fc0-8352719f6da0;f74fdeee-4689-4cd5-b885-cc1f199e515c
63be029e-68ca-45df-9fc0-8352719f6da0;134771f5-53d7-4630-8426-d66c2f1eb890
63be029e-68ca-45df-9fc0-8352719f6da0;ef3ea66d-ae5a-421f-b45b-b155f3119e5e
