e55c2f54-3aa5-4887-bec0-d5aa8ff4398b;d230dce0-ac4a-4017-8c18-d8b7fe53adc0
e55c2f54-3aa5-4887-bec0-d5aa8ff4398b;2b3291ef-da65-44ad-8d3c-437bd95c219d
e55c2f54-3aa5-4887-bec0-d5aa8ff4398b;def3dad8-33fe-4cd0-9ae8-79e00f0c8d1f
a35b7cc3-0fa9-4343-9eb0-5923b7a556fa;8e4e7e2f-dff7-402b-89c1-b1f8ae8332a0
a35b7cc3-0fa9-4343-9eb0-5923b7a556fa;2b3291ef-da65-44ad-8d3c-437bd95c219d
a35b7cc3-0fa9-4343-9eb0-5923b7a556fa;d0871708-4e0d-4fd0-8d29-4d8776b8966c
e80d7168-ccec-4299-99b8-570519a1dccc;def3dad8-33fe-4cd0-9ae8-79e00f0c8d1f
e80d7168-ccec-4299-99b8-570519a1dccc;d0871708-4e0d-4fd0-8d29-4d8776b8966c
930d03c9-dd82-4a6b-88e3-2a8d719593f6;d0871708-4e0d-4fd0-8d29-4d8776b8966c
930d03c9-dd82-4a6b-88e3-2a8d719593f6;8e4e7e2f-dff7-402b-89c1-b1f8ae8332a0
930d03c9-dd82-4a6b-88e3-2a8d719593f6;2b3291ef-da65-44ad-8d3c-437bd95c219d
930d03c9-dd82-4a6b-88e3-2a8d719593f6;d230dce0-ac4a-4017-8c18-d8b7fe53adc0
557c4eea-9abf-40c1-abe9-25e248071871;8e4e7e2f-dff7-402b-89c1-b1f8ae8332a0
557c4eea-9abf-40c1-abe9-25e248071871;2b3291ef-da65-44ad-8d3c-437bd95c219d
557c4eea-9abf-40c1-abe9-25e248071871;d0871708-4e0d-4fd0-8d29-4d8776b8966c
557c4eea-9abf-40c1-abe9-25e248071871;d230dce0-ac4a-4017-8c18-d8b7fe53adc0
13192659-1bc8-4a12-9ead-a1cc95373e83;d0871708-4e0d-4fd0-8d29-4d8776b8966c
13192659-1bc8-4a12-9ead-a1cc95373e83;8e4e7e2f-dff7-402b-89c1-b1f8ae8332a0
3cc542ad-f002-48fc-a2ef-fb9fc91a3f85;def3dad8-33fe-4cd0-9ae8-79e00f0c8d1f
b8d6cdb1-8e25-4050-803e-3c9f17a3262b;d0871708-4e0d-4fd0-8d29-4d8776b8966c
b8d6cdb1-8e25-4050-803e-3c9f17a3262b;8e4e7e2f-dff7-402b-89c1-b1f8ae8332a0
b8d6cdb1-8e25-4050-803e-3c9f17a3262b;d230dce0-ac4a-4017-8c18-d8b7fe53adc0
b8d6cdb1-8e25-4050-803e-3c9f17a3262b;2b3291ef-da65-44ad-8d3c-437bd95c219d
9ccb6b0a-d068-4505-aa43-22f604ac6df4;8e4e7e2f-dff7-402b-89c1-b1f8ae8332a0
9ccb6b0a-d068-4505-aa43-22f604ac6df4;def3dad8-33fe-4cd0-9ae8-79e00f0c8d1f
a8adb17c-87ad-42b8-8197-d31b9389ef25;def3dad8-33fe-4cd0-9ae8-79e00f0c8d1f
a8adb17c-87ad-42b8-8197-d31b9389ef25;d0871708-4e0d-4fd0-8d29-4d8776b8966c
700e0422-0ad0-4d1f-8eed-1a03b51c4ee8;d230dce0-ac4a-4017-8c18-d8b7fe53adc0
700e0422-0ad0-4d1f-8eed-1a03b51c4ee8;d0871708-4e0d-4fd0-8d29-4d8776b8966c
700e0422-0ad0-4d1f-8eed-1a03b51c4ee8;2b3291ef-da65-44ad-8d3c-437bd95c219d
700e0422-0ad0-4d1f-8eed-1a03b51c4ee8;def3dad8-33fe-4cd0-9ae8-79e00f0c8d1f
700e0422-0ad0-4d1f-8eed-1a03b51c4ee8;8e4e7e2f-dff7-402b-89c1-b1f8ae8332a0
6cf37731-3f85-4da2-90d1-41e99295868b;d230dce0-ac4a-4017-8c18-d8b7fe53adc0
6cf37731-3f85-4da2-90d1-41e99295868b;8e4e7e2f-dff7-402b-89c1-b1f8ae8332a0
6cf37731-3f85-4da2-90d1-41e99295868b;2b3291ef-da65-44ad-8d3c-437bd95c219d
48d5d8e7-4460-4e3a-abe8-825b0dc68273;8e4e7e2f-dff7-402b-89c1-b1f8ae8332a0
48d5d8e7-4460-4e3a-abe8-825b0dc68273;d230dce0-ac4a-4017-8c18-d8b7fe53adc0
48d5d8e7-4460-4e3a-abe8-825b0dc68273;def3dad8-33fe-4cd0-9ae8-79e00f0c8d1f
48d5d8e7-4460-4e3a-abe8-825b0dc68273;2b3291ef-da65-44ad-8d3c-437bd95c219d
48d5d8e7-4460-4e3a-abe8-825b0dc68273;d0871708-4e0d-4fd0-8d29-4d8776b8966c
be2dd32d-2729-4b7e-8fed-d64ff26cc482;def3dad8-33fe-4cd0-9ae8-79e00f0c8d1f
be2dd32d-2729-4b7e-8fed-d64ff26cc482;2b3291ef-da65-44ad-8d3c-437bd95c219d
be2dd32d-2729-4b7e-8fed-d64ff26cc482;d0871708-4e0d-4fd0-8d29-4d8776b8966c
be2dd32d-2729-4b7e-8fed-d64ff26cc482;d230dce0-ac4a-4017-8c18-d8b7fe53adc0
be2dd32d-2729-4b7e-8fed-d64ff26cc482;8e4e7e2f-dff7-402b-89c1-b1f8ae8332a0
c879ec09-6bd0-480d-ae6e-bea97ef6dd0f;8e4e7e2f-dff7-402b-89c1-b1f8ae8332a0
c879ec09-6bd0-480d-ae6e-bea97ef6dd0f;def3dad8-33fe-4cd0-9ae8-79e00f0c8d1f
c879ec09-6bd0-480d-ae6e-bea97ef6dd0f;d230dce0-ac4a-4017-8c18-d8b7fe53adc0
37ff8b9f-feff-4a82-865f-0efae4d1c30c;def3dad8-33fe-4cd0-9ae8-79e00f0c8d1f
37ff8b9f-feff-4a82-865f-0efae4d1c30c;d230dce0-ac4a-4017-8c18-d8b7fe53adc0
37ff8b9f-feff-4a82-865f-0efae4d1c30c;2b3291ef-da65-44ad-8d3c-437bd95c219d
37ff8b9f-feff-4a82-865f-0efae4d1c30c;d0871708-4e0d-4fd0-8d29-4d8776b8966c
ec0ec5bc-3403-49c6-a9dd-8f8d965c96db;d230dce0-ac4a-4017-8c18-d8b7fe53adc0
ec0ec5bc-3403-49c6-a9dd-8f8d965c96db;8e4e7e2f-dff7-402b-89c1-b1f8ae8332a0
ec0ec5bc-3403-49c6-a9dd-8f8d965c96db;d0871708-4e0d-4fd0-8d29-4d8776b8966c
ec0ec5bc-3403-49c6-a9dd-8f8d965c96db;2b3291ef-da65-44ad-8d3c-437bd95c219d
5c644e56-5230-435e-8f07-c682de88c581;8e4e7e2f-dff7-402b-89c1-b1f8ae8332a0
5c644e56-5230-435e-8f07-c682de88c581;def3dad8-33fe-4cd0-9ae8-79e00f0c8d1f
47c6f750-8aa0-49ac-a2e6-46f93229e83b;8e4e7e2f-dff7-402b-89c1-b1f8ae8332a0
47c6f750-8aa0-49ac-a2e6-46f93229e83b;d230dce0-ac4a-4017-8c18-d8b7fe53adc0
47c6f750-8aa0-49ac-a2e6-46f93229e83b;2b3291ef-da65-44ad-8d3c-437bd95c219d
50881ab5-2ce6-488c-8a36-e915f5a86b99;def3dad8-33fe-4cd0-9ae8-79e00f0c8d1f
50881ab5-2ce6-488c-8a36-e915f5a86b99;d230dce0-ac4a-4017-8c18-d8b7fe53adc0
50881ab5-2ce6-488c-8a36-e915f5a86b99;8e4e7e2f-dff7-402b-89c1-b1f8ae8332a0
50881ab5-2ce6-488c-8a36-e915f5a86b99;2b3291ef-da65-44ad-8d3c-437bd95c219d
50881ab5-2ce6-488c-8a36-e915f5a86b99;d0871708-4e0d-4fd0-8d29-4d8776b8966c
d063e4aa-00a6-4161-a639-4858250748b9;d230dce0-ac4a-4017-8c18-d8b7fe53adc0
d063e4aa-00a6-4161-a639-4858250748b9;def3dad8-33fe-4cd0-9ae8-79e00f0c8d1f
d063e4aa-00a6-4161-a639-4858250748b9;d0871708-4e0d-4fd0-8d29-4d8776b8966c
d063e4aa-00a6-4161-a639-4858250748b9;8e4e7e2f-dff7-402b-89c1-b1f8ae8332a0
e69acc3e-7606-437a-ad32-ec6584f10783;d230dce0-ac4a-4017-8c18-d8b7fe53adc0
e69acc3e-7606-437a-ad32-ec6584f10783;8e4e7e2f-dff7-402b-89c1-b1f8ae8332a0
e69acc3e-7606-437a-ad32-ec6584f10783;2b3291ef-da65-44ad-8d3c-437bd95c219d
e69acc3e-7606-437a-ad32-ec6584f10783;def3dad8-33fe-4cd0-9ae8-79e00f0c8d1f
d312857f-04a8-4912-a430-ed75ad7e89fe;def3dad8-33fe-4cd0-9ae8-79e00f0c8d1f
d312857f-04a8-4912-a430-ed75ad7e89fe;d0871708-4e0d-4fd0-8d29-4d8776b8966c
d312857f-04a8-4912-a430-ed75ad7e89fe;d230dce0-ac4a-4017-8c18-d8b7fe53adc0
d312857f-04a8-4912-a430-ed75ad7e89fe;2b3291ef-da65-44ad-8d3c-437bd95c219d
e9fa2cfc-5e95-42a8-ab05-a36684096fba;2b3291ef-da65-44ad-8d3c-437bd95c219d
e9fa2cfc-5e95-42a8-ab05-a36684096fba;8e4e7e2f-dff7-402b-89c1-b1f8ae8332a0
e9fa2cfc-5e95-42a8-ab05-a36684096fba;d230dce0-ac4a-4017-8c18-d8b7fe53adc0
e9fa2cfc-5e95-42a8-ab05-a36684096fba;def3dad8-33fe-4cd0-9ae8-79e00f0c8d1f
e9fa2cfc-5e95-42a8-ab05-a36684096fba;d0871708-4e0d-4fd0-8d29-4d8776b8966c
6ea70a64-3df0-4a71-b81a-4ab570861eb3;def3dad8-33fe-4cd0-9ae8-79e00f0c8d1f
6ea70a64-3df0-4a71-b81a-4ab570861eb3;8e4e7e2f-dff7-402b-89c1-b1f8ae8332a0
6ea70a64-3df0-4a71-b81a-4ab570861eb3;d230dce0-ac4a-4017-8c18-d8b7fe53adc0
cabc994f-2362-464a-82e3-e714616558b7;2b3291ef-da65-44ad-8d3c-437bd95c219d
cabc994f-2362-464a-82e3-e714616558b7;d230dce0-ac4a-4017-8c18-d8b7fe53adc0
cabc994f-2362-464a-82e3-e714616558b7;8e4e7e2f-dff7-402b-89c1-b1f8ae8332a0
cabc994f-2362-464a-82e3-e714616558b7;def3dad8-33fe-4cd0-9ae8-79e00f0c8d1f
cabc994f-2362-464a-82e3-e714616558b7;d0871708-4e0d-4fd0-8d29-4d8776b8966c
73815f57-f1b6-49da-9279-c38338d55816;d230dce0-ac4a-4017-8c18-d8b7fe53adc0
73815f57-f1b6-49da-9279-c38338d55816;def3dad8-33fe-4cd0-9ae8-79e00f0c8d1f
f20f26d2-1e51-4fca-a7db-c1344b7dc59b;d230dce0-ac4a-4017-8c18-d8b7fe53adc0
f20f26d2-1e51-4fca-a7db-c1344b7dc59b;2b3291ef-da65-44ad-8d3c-437bd95c219d
f20f26d2-1e51-4fca-a7db-c1344b7dc59b;def3dad8-33fe-4cd0-9ae8-79e00f0c8d1f
8236d70c-8602-4288-8e1d-3473ff4a625b;d230dce0-ac4a-4017-8c18-d8b7fe53adc0
60c04d03-a4be-40cb-827c-f4aaca6af20d;d0871708-4e0d-4fd0-8d29-4d8776b8966c
60c04d03-a4be-40cb-827c-f4aaca6af20d;8e4e7e2f-dff7-402b-89c1-b1f8ae8332a0
60c04d03-a4be-40cb-827c-f4aaca6af20d;2b3291ef-da65-44ad-8d3c-437bd95c219d
55a13433-1459-4bd9-a6bd-25b8add33aed;d0871708-4e0d-4fd0-8d29-4d8776b8966c
4391a568-f420-43f0-bae3-d0f810057e5c;d230dce0-ac4a-4017-8c18-d8b7fe53adc0
4391a568-f420-43f0-bae3-d0f810057e5c;d0871708-4e0d-4fd0-8d29-4d8776b8966c
4391a568-f420-43f0-bae3-d0f810057e5c;2b3291ef-da65-44ad-8d3c-437bd95c219d
02bed115-2f4f-4f47-bd3b-7894be533bde;2b3291ef-da65-44ad-8d3c-437bd95c219d
02bed115-2f4f-4f47-bd3b-7894be533bde;8e4e7e2f-dff7-402b-89c1-b1f8ae8332a0
02bed115-2f4f-4f47-bd3b-7894be533bde;d0871708-4e0d-4fd0-8d29-4d8776b8966c
02bed115-2f4f-4f47-bd3b-7894be533bde;def3dad8-33fe-4cd0-9ae8-79e00f0c8d1f
deafa180-697d-431e-9b9c-b025348ccac0;2b3291ef-da65-44ad-8d3c-437bd95c219d
deafa180-697d-431e-9b9c-b025348ccac0;d230dce0-ac4a-4017-8c18-d8b7fe53adc0
e9a1ede6-fc35-4cde-b76b-12f8b5089bd1;d0871708-4e0d-4fd0-8d29-4d8776b8966c
2134c8fb-750b-4daa-bf31-7a1a7f0a460d;d0871708-4e0d-4fd0-8d29-4d8776b8966c
2134c8fb-750b-4daa-bf31-7a1a7f0a460d;8e4e7e2f-dff7-402b-89c1-b1f8ae8332a0
2134c8fb-750b-4daa-bf31-7a1a7f0a460d;def3dad8-33fe-4cd0-9ae8-79e00f0c8d1f
2134c8fb-750b-4daa-bf31-7a1a7f0a460d;2b3291ef-da65-44ad-8d3c-437bd95c219d
b8eebf4e-7f6f-447c-b64e-04eeb1451938;d0871708-4e0d-4fd0-8d29-4d8776b8966c
b8eebf4e-7f6f-447c-b64e-04eeb1451938;8e4e7e2f-dff7-402b-89c1-b1f8ae8332a0
b8eebf4e-7f6f-447c-b64e-04eeb1451938;def3dad8-33fe-4cd0-9ae8-79e00f0c8d1f
2c36dcaa-6338-489a-b42a-577cf586ac3c;8e4e7e2f-dff7-402b-89c1-b1f8ae8332a0
2c36dcaa-6338-489a-b42a-577cf586ac3c;d230dce0-ac4a-4017-8c18-d8b7fe53adc0
2c36dcaa-6338-489a-b42a-577cf586ac3c;2b3291ef-da65-44ad-8d3c-437bd95c219d
2c36dcaa-6338-489a-b42a-577cf586ac3c;d0871708-4e0d-4fd0-8d29-4d8776b8966c
ed2a398d-f727-42f2-917e-5d3ed15f7c25;d230dce0-ac4a-4017-8c18-d8b7fe53adc0
ed2a398d-f727-42f2-917e-5d3ed15f7c25;8e4e7e2f-dff7-402b-89c1-b1f8ae8332a0
ed2a398d-f727-42f2-917e-5d3ed15f7c25;def3dad8-33fe-4cd0-9ae8-79e00f0c8d1f
ed2a398d-f727-42f2-917e-5d3ed15f7c25;2b3291ef-da65-44ad-8d3c-437bd95c219d
ed2a398d-f727-42f2-917e-5d3ed15f7c25;d0871708-4e0d-4fd0-8d29-4d8776b8966c
a1780fa8-1dd6-4bf4-983a-91bcaf69c820;2b3291ef-da65-44ad-8d3c-437bd95c219d
a1780fa8-1dd6-4bf4-983a-91bcaf69c820;d0871708-4e0d-4fd0-8d29-4d8776b8966c
a1780fa8-1dd6-4bf4-983a-91bcaf69c820;8e4e7e2f-dff7-402b-89c1-b1f8ae8332a0
a1780fa8-1dd6-4bf4-983a-91bcaf69c820;def3dad8-33fe-4cd0-9ae8-79e00f0c8d1f
abcf46e3-b648-4bc4-819c-c9f1e6f8923b;8e4e7e2f-dff7-402b-89c1-b1f8ae8332a0
abcf46e3-b648-4bc4-819c-c9f1e6f8923b;2b3291ef-da65-44ad-8d3c-437bd95c219d
71b303f6-f03a-4134-8605-a87750e0cb13;2b3291ef-da65-44ad-8d3c-437bd95c219d
cd9eaeae-b54d-4f76-837d-8eea4a2d644b;d230dce0-ac4a-4017-8c18-d8b7fe53adc0
cd9eaeae-b54d-4f76-837d-8eea4a2d644b;def3dad8-33fe-4cd0-9ae8-79e00f0c8d1f
1cb660f4-c822-4e57-8fa2-614abb1ed8d7;8e4e7e2f-dff7-402b-89c1-b1f8ae8332a0
1cb660f4-c822-4e57-8fa2-614abb1ed8d7;2b3291ef-da65-44ad-8d3c-437bd95c219d
1cb660f4-c822-4e57-8fa2-614abb1ed8d7;def3dad8-33fe-4cd0-9ae8-79e00f0c8d1f
1cb660f4-c822-4e57-8fa2-614abb1ed8d7;d230dce0-ac4a-4017-8c18-d8b7fe53adc0
1cb660f4-c822-4e57-8fa2-614abb1ed8d7;d0871708-4e0d-4fd0-8d29-4d8776b8966c
751d5708-6783-4f2d-8dd6-fb4e2611c814;d0871708-4e0d-4fd0-8d29-4d8776b8966c
751d5708-6783-4f2d-8dd6-fb4e2611c814;d230dce0-ac4a-4017-8c18-d8b7fe53adc0
751d5708-6783-4f2d-8dd6-fb4e2611c814;2b3291ef-da65-44ad-8d3c-437bd95c219d
9ff03868-5406-448a-bad6-60ea2a2fa8b2;2b3291ef-da65-44ad-8d3c-437bd95c219d
9ff03868-5406-448a-bad6-60ea2a2fa8b2;d0871708-4e0d-4fd0-8d29-4d8776b8966c
9ff03868-5406-448a-bad6-60ea2a2fa8b2;8e4e7e2f-dff7-402b-89c1-b1f8ae8332a0
9ff03868-5406-448a-bad6-60ea2a2fa8b2;d230dce0-ac4a-4017-8c18-d8b7fe53adc0
98298de8-246e-49af-a601-452aabc035ab;d0871708-4e0d-4fd0-8d29-4d8776b8966c
98298de8-246e-49af-a601-452aabc035ab;def3dad8-33fe-4cd0-9ae8-79e00f0c8d1f
a721b229-45b4-48ef-b316-122c91dab115;8e4e7e2f-dff7-402b-89c1-b1f8ae8332a0
a721b229-45b4-48ef-b316-122c91dab115;2b3291ef-da65-44ad-8d3c-437bd95c219d
a721b229-45b4-48ef-b316-122c91dab115;d0871708-4e0d-4fd0-8d29-4d8776b8966c
e4159e09-62cb-431d-b819-829632dd4315;2b3291ef-da65-44ad-8d3c-437bd95c219d
e4159e09-62cb-431d-b819-829632dd4315;8e4e7e2f-dff7-402b-89c1-b1f8ae8332a0
e4159e09-62cb-431d-b819-829632dd4315;d230dce0-ac4a-4017-8c18-d8b7fe53adc0
e4159e09-62cb-431d-b819-829632dd4315;d0871708-4e0d-4fd0-8d29-4d8776b8966c
4193aaa3-b475-41c0-9f88-08a418368371;d0871708-4e0d-4fd0-8d29-4d8776b8966c
4193aaa3-b475-41c0-9f88-08a418368371;d230dce0-ac4a-4017-8c18-d8b7fe53adc0
4193aaa3-b475-41c0-9f88-08a418368371;def3dad8-33fe-4cd0-9ae8-79e00f0c8d1f
4193aaa3-b475-41c0-9f88-08a418368371;8e4e7e2f-dff7-402b-89c1-b1f8ae8332a0
ef530d4e-a61a-413e-806c-cf317d8b2047;def3dad8-33fe-4cd0-9ae8-79e00f0c8d1f
980610e6-7e98-4d11-a259-7c8f5022ea71;8e4e7e2f-dff7-402b-89c1-b1f8ae8332a0
980610e6-7e98-4d11-a259-7c8f5022ea71;2b3291ef-da65-44ad-8d3c-437bd95c219d
554ffb49-c662-41fa-b6ad-35779ba59931;8e4e7e2f-dff7-402b-89c1-b1f8ae8332a0
554ffb49-c662-41fa-b6ad-35779ba59931;d230dce0-ac4a-4017-8c18-d8b7fe53adc0
b993ef7d-ba64-47ef-809e-4b5287374064;d230dce0-ac4a-4017-8c18-d8b7fe53adc0
b993ef7d-ba64-47ef-809e-4b5287374064;def3dad8-33fe-4cd0-9ae8-79e00f0c8d1f
b993ef7d-ba64-47ef-809e-4b5287374064;8e4e7e2f-dff7-402b-89c1-b1f8ae8332a0
d0c70c92-0969-4f82-bcc6-c62a212758e7;d0871708-4e0d-4fd0-8d29-4d8776b8966c
d0c70c92-0969-4f82-bcc6-c62a212758e7;def3dad8-33fe-4cd0-9ae8-79e00f0c8d1f
d0c70c92-0969-4f82-bcc6-c62a212758e7;d230dce0-ac4a-4017-8c18-d8b7fe53adc0
fa053bb6-841e-4f31-a3f7-371b6899e0a5;2b3291ef-da65-44ad-8d3c-437bd95c219d
fa053bb6-841e-4f31-a3f7-371b6899e0a5;d0871708-4e0d-4fd0-8d29-4d8776b8966c
fa053bb6-841e-4f31-a3f7-371b6899e0a5;def3dad8-33fe-4cd0-9ae8-79e00f0c8d1f
fa053bb6-841e-4f31-a3f7-371b6899e0a5;8e4e7e2f-dff7-402b-89c1-b1f8ae8332a0
7a6bcc0e-aa59-480e-b50d-2db528398ca2;d230dce0-ac4a-4017-8c18-d8b7fe53adc0
51f12c6f-a189-4614-889d-6d4b821df197;d0871708-4e0d-4fd0-8d29-4d8776b8966c
51f12c6f-a189-4614-889d-6d4b821df197;def3dad8-33fe-4cd0-9ae8-79e00f0c8d1f
51f12c6f-a189-4614-889d-6d4b821df197;d230dce0-ac4a-4017-8c18-d8b7fe53adc0
51f12c6f-a189-4614-889d-6d4b821df197;2b3291ef-da65-44ad-8d3c-437bd95c219d
51f12c6f-a189-4614-889d-6d4b821df197;8e4e7e2f-dff7-402b-89c1-b1f8ae8332a0
d32c9ec9-3fac-45e7-8442-ccfdc4070fd9;8e4e7e2f-dff7-402b-89c1-b1f8ae8332a0
d32c9ec9-3fac-45e7-8442-ccfdc4070fd9;2b3291ef-da65-44ad-8d3c-437bd95c219d
d32c9ec9-3fac-45e7-8442-ccfdc4070fd9;def3dad8-33fe-4cd0-9ae8-79e00f0c8d1f
d32c9ec9-3fac-45e7-8442-ccfdc4070fd9;d0871708-4e0d-4fd0-8d29-4d8776b8966c
d32c9ec9-3fac-45e7-8442-ccfdc4070fd9;d230dce0-ac4a-4017-8c18-d8b7fe53adc0
d32c9ec9-3fac-45e7-8442-ccfdc4070fd9;f7771fa9-5967-4c61-b3a0-a5665644edc2
381223d5-c72b-4c99-ac71-1e5fb9d3428d;d230dce0-ac4a-4017-8c18-d8b7fe53adc0
381223d5-c72b-4c99-ac71-1e5fb9d3428d;d0871708-4e0d-4fd0-8d29-4d8776b8966c
381223d5-c72b-4c99-ac71-1e5fb9d3428d;def3dad8-33fe-4cd0-9ae8-79e00f0c8d1f
ffea9947-b132-4134-8fe9-46fc5fc47613;d0871708-4e0d-4fd0-8d29-4d8776b8966c
ffea9947-b132-4134-8fe9-46fc5fc47613;2b3291ef-da65-44ad-8d3c-437bd95c219d
ffea9947-b132-4134-8fe9-46fc5fc47613;d230dce0-ac4a-4017-8c18-d8b7fe53adc0
bbd7c136-3796-4ed8-96ff-21238ba64fd2;2b3291ef-da65-44ad-8d3c-437bd95c219d
bbd7c136-3796-4ed8-96ff-21238ba64fd2;d230dce0-ac4a-4017-8c18-d8b7fe53adc0
bbd7c136-3796-4ed8-96ff-21238ba64fd2;d0871708-4e0d-4fd0-8d29-4d8776b8966c
01e90340-1453-4fa9-90f3-52063f2d4017;def3dad8-33fe-4cd0-9ae8-79e00f0c8d1f
01e90340-1453-4fa9-90f3-52063f2d4017;d0871708-4e0d-4fd0-8d29-4d8776b8966c
43a3347b-7491-4580-a1a8-c466b3613826;d0871708-4e0d-4fd0-8d29-4d8776b8966c
43a3347b-7491-4580-a1a8-c466b3613826;def3dad8-33fe-4cd0-9ae8-79e00f0c8d1f
43a3347b-7491-4580-a1a8-c466b3613826;2b3291ef-da65-44ad-8d3c-437bd95c219d
f5a05f84-1d5c-46c8-be71-5f988bf495c0;8e4e7e2f-dff7-402b-89c1-b1f8ae8332a0
b2e59cd9-0f15-49d9-86ac-6c08dd0c6e8f;def3dad8-33fe-4cd0-9ae8-79e00f0c8d1f
b2e59cd9-0f15-49d9-86ac-6c08dd0c6e8f;8e4e7e2f-dff7-402b-89c1-b1f8ae8332a0
b2e59cd9-0f15-49d9-86ac-6c08dd0c6e8f;d230dce0-ac4a-4017-8c18-d8b7fe53adc0
b2e59cd9-0f15-49d9-86ac-6c08dd0c6e8f;d0871708-4e0d-4fd0-8d29-4d8776b8966c
74258d36-2012-43cc-92c9-632ff5c0de9a;def3dad8-33fe-4cd0-9ae8-79e00f0c8d1f
74258d36-2012-43cc-92c9-632ff5c0de9a;8e4e7e2f-dff7-402b-89c1-b1f8ae8332a0
74258d36-2012-43cc-92c9-632ff5c0de9a;2b3291ef-da65-44ad-8d3c-437bd95c219d
59d62c4d-d8e1-49a7-9b21-cefe77b1625f;d0871708-4e0d-4fd0-8d29-4d8776b8966c
59d62c4d-d8e1-49a7-9b21-cefe77b1625f;2b3291ef-da65-44ad-8d3c-437bd95c219d
2cc647a4-7fca-4ce7-8158-4827a428ad3e;8e4e7e2f-dff7-402b-89c1-b1f8ae8332a0
2cc647a4-7fca-4ce7-8158-4827a428ad3e;def3dad8-33fe-4cd0-9ae8-79e00f0c8d1f
2cc647a4-7fca-4ce7-8158-4827a428ad3e;d230dce0-ac4a-4017-8c18-d8b7fe53adc0
2cc647a4-7fca-4ce7-8158-4827a428ad3e;d0871708-4e0d-4fd0-8d29-4d8776b8966c
2cc647a4-7fca-4ce7-8158-4827a428ad3e;2b3291ef-da65-44ad-8d3c-437bd95c219d
6ad05af3-e1fd-4853-a69b-8e4e92c59de0;8e4e7e2f-dff7-402b-89c1-b1f8ae8332a0
6ad05af3-e1fd-4853-a69b-8e4e92c59de0;d0871708-4e0d-4fd0-8d29-4d8776b8966c
6ad05af3-e1fd-4853-a69b-8e4e92c59de0;def3dad8-33fe-4cd0-9ae8-79e00f0c8d1f
6ad05af3-e1fd-4853-a69b-8e4e92c59de0;2b3291ef-da65-44ad-8d3c-437bd95c219d
5ff158f2-1fa8-4502-bf85-3ba24e24655f;8e4e7e2f-dff7-402b-89c1-b1f8ae8332a0
5ff158f2-1fa8-4502-bf85-3ba24e24655f;d0871708-4e0d-4fd0-8d29-4d8776b8966c
5ff158f2-1fa8-4502-bf85-3ba24e24655f;2b3291ef-da65-44ad-8d3c-437bd95c219d
74d5ae4c-0a9b-4d33-a2fa-8ddea948f29b;d230dce0-ac4a-4017-8c18-d8b7fe53adc0
74d5ae4c-0a9b-4d33-a2fa-8ddea948f29b;d0871708-4e0d-4fd0-8d29-4d8776b8966c
74d5ae4c-0a9b-4d33-a2fa-8ddea948f29b;2b3291ef-da65-44ad-8d3c-437bd95c219d
74d5ae4c-0a9b-4d33-a2fa-8ddea948f29b;8e4e7e2f-dff7-402b-89c1-b1f8ae8332a0
74d5ae4c-0a9b-4d33-a2fa-8ddea948f29b;def3dad8-33fe-4cd0-9ae8-79e00f0c8d1f
ee739411-8b13-4b01-918b-afd6099e5e3a;2b3291ef-da65-44ad-8d3c-437bd95c219d
1602ee43-f462-4f8f-b500-3279a68da3a0;2b3291ef-da65-44ad-8d3c-437bd95c219d
1eec3530-26c5-4b8e-8e1b-aafbe56532b6;8e4e7e2f-dff7-402b-89c1-b1f8ae8332a0
1eec3530-26c5-4b8e-8e1b-aafbe56532b6;d0871708-4e0d-4fd0-8d29-4d8776b8966c
1eec3530-26c5-4b8e-8e1b-aafbe56532b6;d230dce0-ac4a-4017-8c18-d8b7fe53adc0
1eec3530-26c5-4b8e-8e1b-aafbe56532b6;def3dad8-33fe-4cd0-9ae8-79e00f0c8d1f
ae48a3bc-3c4e-4731-86f7-72b8815fb7a0;d0871708-4e0d-4fd0-8d29-4d8776b8966c
ae48a3bc-3c4e-4731-86f7-72b8815fb7a0;2b3291ef-da65-44ad-8d3c-437bd95c219d
ae48a3bc-3c4e-4731-86f7-72b8815fb7a0;d230dce0-ac4a-4017-8c18-d8b7fe53adc0
ae48a3bc-3c4e-4731-86f7-72b8815fb7a0;def3dad8-33fe-4cd0-9ae8-79e00f0c8d1f
791ac503-20ac-48ed-a6b8-23b5dc42dea4;def3dad8-33fe-4cd0-9ae8-79e00f0c8d1f
791ac503-20ac-48ed-a6b8-23b5dc42dea4;8e4e7e2f-dff7-402b-89c1-b1f8ae8332a0
791ac503-20ac-48ed-a6b8-23b5dc42dea4;d230dce0-ac4a-4017-8c18-d8b7fe53adc0
8c4b4514-9ce6-4629-a7ba-16efe4b889af;def3dad8-33fe-4cd0-9ae8-79e00f0c8d1f
8c4b4514-9ce6-4629-a7ba-16efe4b889af;2b3291ef-da65-44ad-8d3c-437bd95c219d
8c4b4514-9ce6-4629-a7ba-16efe4b889af;8e4e7e2f-dff7-402b-89c1-b1f8ae8332a0
4a4a0ab6-3c95-46d1-9ca3-8baa7ebf7935;2b3291ef-da65-44ad-8d3c-437bd95c219d
4a4a0ab6-3c95-46d1-9ca3-8baa7ebf7935;d0871708-4e0d-4fd0-8d29-4d8776b8966c
bf5e988d-677f-4187-9a18-61f13218af2f;d0871708-4e0d-4fd0-8d29-4d8776b8966c
bf5e988d-677f-4187-9a18-61f13218af2f;d230dce0-ac4a-4017-8c18-d8b7fe53adc0
bf5e988d-677f-4187-9a18-61f13218af2f;def3dad8-33fe-4cd0-9ae8-79e00f0c8d1f
bf5e988d-677f-4187-9a18-61f13218af2f;2b3291ef-da65-44ad-8d3c-437bd95c219d
bf5e988d-677f-4187-9a18-61f13218af2f;8e4e7e2f-dff7-402b-89c1-b1f8ae8332a0
92985309-908f-465f-8269-3a98768ab67f;def3dad8-33fe-4cd0-9ae8-79e00f0c8d1f
92985309-908f-465f-8269-3a98768ab67f;2b3291ef-da65-44ad-8d3c-437bd95c219d
92985309-908f-465f-8269-3a98768ab67f;8e4e7e2f-dff7-402b-89c1-b1f8ae8332a0
92985309-908f-465f-8269-3a98768ab67f;d0871708-4e0d-4fd0-8d29-4d8776b8966c
92985309-908f-465f-8269-3a98768ab67f;d230dce0-ac4a-4017-8c18-d8b7fe53adc0
2ad694d8-9ba4-4600-9821-cfb93f2b1b90;d0871708-4e0d-4fd0-8d29-4d8776b8966c
2ad694d8-9ba4-4600-9821-cfb93f2b1b90;def3dad8-33fe-4cd0-9ae8-79e00f0c8d1f
66bf7531-2ebf-4ae9-8cc1-aaaa500bb796;d0871708-4e0d-4fd0-8d29-4d8776b8966c
66bf7531-2ebf-4ae9-8cc1-aaaa500bb796;def3dad8-33fe-4cd0-9ae8-79e00f0c8d1f
66bf7531-2ebf-4ae9-8cc1-aaaa500bb796;2b3291ef-da65-44ad-8d3c-437bd95c219d
66bf7531-2ebf-4ae9-8cc1-aaaa500bb796;d230dce0-ac4a-4017-8c18-d8b7fe53adc0
66bf7531-2ebf-4ae9-8cc1-aaaa500bb796;8e4e7e2f-dff7-402b-89c1-b1f8ae8332a0
fc3ba432-fbf3-4835-81da-3efc54187bc9;d230dce0-ac4a-4017-8c18-d8b7fe53adc0
fc3ba432-fbf3-4835-81da-3efc54187bc9;def3dad8-33fe-4cd0-9ae8-79e00f0c8d1f
fc3ba432-fbf3-4835-81da-3efc54187bc9;8e4e7e2f-dff7-402b-89c1-b1f8ae8332a0
fc3ba432-fbf3-4835-81da-3efc54187bc9;2b3291ef-da65-44ad-8d3c-437bd95c219d
fc3ba432-fbf3-4835-81da-3efc54187bc9;d0871708-4e0d-4fd0-8d29-4d8776b8966c
0801d6d8-205e-423e-b8be-7bc8b8a3a171;2b3291ef-da65-44ad-8d3c-437bd95c219d
0801d6d8-205e-423e-b8be-7bc8b8a3a171;d0871708-4e0d-4fd0-8d29-4d8776b8966c
0801d6d8-205e-423e-b8be-7bc8b8a3a171;d230dce0-ac4a-4017-8c18-d8b7fe53adc0
2f44268b-5526-44a1-9563-265cac8496c3;d0871708-4e0d-4fd0-8d29-4d8776b8966c
2f44268b-5526-44a1-9563-265cac8496c3;d230dce0-ac4a-4017-8c18-d8b7fe53adc0
2f44268b-5526-44a1-9563-265cac8496c3;8e4e7e2f-dff7-402b-89c1-b1f8ae8332a0
20a58c65-06fe-402d-a0b7-de56e6d4f3d0;2b3291ef-da65-44ad-8d3c-437bd95c219d
20a58c65-06fe-402d-a0b7-de56e6d4f3d0;8e4e7e2f-dff7-402b-89c1-b1f8ae8332a0
20a58c65-06fe-402d-a0b7-de56e6d4f3d0;def3dad8-33fe-4cd0-9ae8-79e00f0c8d1f
414d8474-30e0-4a21-9215-989c4fda471e;8e4e7e2f-dff7-402b-89c1-b1f8ae8332a0
414d8474-30e0-4a21-9215-989c4fda471e;d230dce0-ac4a-4017-8c18-d8b7fe53adc0
414d8474-30e0-4a21-9215-989c4fda471e;d0871708-4e0d-4fd0-8d29-4d8776b8966c
bb6fae7a-ca70-4c9e-bf17-f7927402a8d4;8e4e7e2f-dff7-402b-89c1-b1f8ae8332a0
bb6fae7a-ca70-4c9e-bf17-f7927402a8d4;def3dad8-33fe-4cd0-9ae8-79e00f0c8d1f
6230c0c1-39ad-45d8-997d-82ecf780e152;d0871708-4e0d-4fd0-8d29-4d8776b8966c
6230c0c1-39ad-45d8-997d-82ecf780e152;8e4e7e2f-dff7-402b-89c1-b1f8ae8332a0
6230c0c1-39ad-45d8-997d-82ecf780e152;def3dad8-33fe-4cd0-9ae8-79e00f0c8d1f
aa35a827-4d1a-4ae4-a757-6e20c48d3e81;2b3291ef-da65-44ad-8d3c-437bd95c219d
aa35a827-4d1a-4ae4-a757-6e20c48d3e81;d0871708-4e0d-4fd0-8d29-4d8776b8966c
aa35a827-4d1a-4ae4-a757-6e20c48d3e81;8e4e7e2f-dff7-402b-89c1-b1f8ae8332a0
f45da357-f204-45d5-8100-3f97556ea09c;8e4e7e2f-dff7-402b-89c1-b1f8ae8332a0
f45da357-f204-45d5-8100-3f97556ea09c;2b3291ef-da65-44ad-8d3c-437bd95c219d
f45da357-f204-45d5-8100-3f97556ea09c;def3dad8-33fe-4cd0-9ae8-79e00f0c8d1f
f45da357-f204-45d5-8100-3f97556ea09c;d230dce0-ac4a-4017-8c18-d8b7fe53adc0
f45da357-f204-45d5-8100-3f97556ea09c;d0871708-4e0d-4fd0-8d29-4d8776b8966c
b960e02a-97ce-458d-84e1-6b3c9bdd227e;d230dce0-ac4a-4017-8c18-d8b7fe53adc0
984c00a5-5358-4f00-bebc-f073dbb378c1;d0871708-4e0d-4fd0-8d29-4d8776b8966c
984c00a5-5358-4f00-bebc-f073dbb378c1;2b3291ef-da65-44ad-8d3c-437bd95c219d
984c00a5-5358-4f00-bebc-f073dbb378c1;8e4e7e2f-dff7-402b-89c1-b1f8ae8332a0
f9f6384c-c109-487f-a59a-4abe475872f3;2b3291ef-da65-44ad-8d3c-437bd95c219d
f9f6384c-c109-487f-a59a-4abe475872f3;8e4e7e2f-dff7-402b-89c1-b1f8ae8332a0
f9f6384c-c109-487f-a59a-4abe475872f3;d0871708-4e0d-4fd0-8d29-4d8776b8966c
88925643-afa8-402f-99d3-1d9d4dd3e55f;d0871708-4e0d-4fd0-8d29-4d8776b8966c
88925643-afa8-402f-99d3-1d9d4dd3e55f;2b3291ef-da65-44ad-8d3c-437bd95c219d
40b1f0ff-f48e-43a7-af95-ef71c33e41fc;def3dad8-33fe-4cd0-9ae8-79e00f0c8d1f
40b1f0ff-f48e-43a7-af95-ef71c33e41fc;d230dce0-ac4a-4017-8c18-d8b7fe53adc0
40b1f0ff-f48e-43a7-af95-ef71c33e41fc;d0871708-4e0d-4fd0-8d29-4d8776b8966c
40b1f0ff-f48e-43a7-af95-ef71c33e41fc;2b3291ef-da65-44ad-8d3c-437bd95c219d
e761cc76-31bd-4d94-8124-452ea53fb9a6;d230dce0-ac4a-4017-8c18-d8b7fe53adc0
e761cc76-31bd-4d94-8124-452ea53fb9a6;8e4e7e2f-dff7-402b-89c1-b1f8ae8332a0
e761cc76-31bd-4d94-8124-452ea53fb9a6;2b3291ef-da65-44ad-8d3c-437bd95c219d
e761cc76-31bd-4d94-8124-452ea53fb9a6;def3dad8-33fe-4cd0-9ae8-79e00f0c8d1f
f634636e-bfb2-4a2c-95a8-9d42d38d0e12;8e4e7e2f-dff7-402b-89c1-b1f8ae8332a0
f634636e-bfb2-4a2c-95a8-9d42d38d0e12;d230dce0-ac4a-4017-8c18-d8b7fe53adc0
f634636e-bfb2-4a2c-95a8-9d42d38d0e12;d0871708-4e0d-4fd0-8d29-4d8776b8966c
42210bac-65e7-47e7-9d61-baba281ddfcb;d230dce0-ac4a-4017-8c18-d8b7fe53adc0
42210bac-65e7-47e7-9d61-baba281ddfcb;8e4e7e2f-dff7-402b-89c1-b1f8ae8332a0
42210bac-65e7-47e7-9d61-baba281ddfcb;2b3291ef-da65-44ad-8d3c-437bd95c219d
42210bac-65e7-47e7-9d61-baba281ddfcb;def3dad8-33fe-4cd0-9ae8-79e00f0c8d1f
42210bac-65e7-47e7-9d61-baba281ddfcb;d0871708-4e0d-4fd0-8d29-4d8776b8966c
208426c5-539d-4dd2-bcba-c38215b7dd4c;d230dce0-ac4a-4017-8c18-d8b7fe53adc0
208426c5-539d-4dd2-bcba-c38215b7dd4c;2b3291ef-da65-44ad-8d3c-437bd95c219d
208426c5-539d-4dd2-bcba-c38215b7dd4c;8e4e7e2f-dff7-402b-89c1-b1f8ae8332a0
208426c5-539d-4dd2-bcba-c38215b7dd4c;d0871708-4e0d-4fd0-8d29-4d8776b8966c
38ce4374-f964-4d0b-9ebb-f8a9c7a8bfa4;8e4e7e2f-dff7-402b-89c1-b1f8ae8332a0
38ce4374-f964-4d0b-9ebb-f8a9c7a8bfa4;2b3291ef-da65-44ad-8d3c-437bd95c219d
38ce4374-f964-4d0b-9ebb-f8a9c7a8bfa4;def3dad8-33fe-4cd0-9ae8-79e00f0c8d1f
38ce4374-f964-4d0b-9ebb-f8a9c7a8bfa4;d0871708-4e0d-4fd0-8d29-4d8776b8966c
38ce4374-f964-4d0b-9ebb-f8a9c7a8bfa4;d230dce0-ac4a-4017-8c18-d8b7fe53adc0
38ce4374-f964-4d0b-9ebb-f8a9c7a8bfa4;f7771fa9-5967-4c61-b3a0-a5665644edc2
81410272-94f8-4bb1-b1fa-564ddfc23119;d0871708-4e0d-4fd0-8d29-4d8776b8966c
81410272-94f8-4bb1-b1fa-564ddfc23119;d230dce0-ac4a-4017-8c18-d8b7fe53adc0
81410272-94f8-4bb1-b1fa-564ddfc23119;8e4e7e2f-dff7-402b-89c1-b1f8ae8332a0
08af6235-7641-4435-abdd-b7fe91461b40;d230dce0-ac4a-4017-8c18-d8b7fe53adc0
08af6235-7641-4435-abdd-b7fe91461b40;2b3291ef-da65-44ad-8d3c-437bd95c219d
480eca5b-8969-4d28-a8fd-016d82b0b666;d0871708-4e0d-4fd0-8d29-4d8776b8966c
3d46ec72-381e-4446-a305-ddc1b5d1a0af;d0871708-4e0d-4fd0-8d29-4d8776b8966c
3d46ec72-381e-4446-a305-ddc1b5d1a0af;8e4e7e2f-dff7-402b-89c1-b1f8ae8332a0
3d46ec72-381e-4446-a305-ddc1b5d1a0af;def3dad8-33fe-4cd0-9ae8-79e00f0c8d1f
3d46ec72-381e-4446-a305-ddc1b5d1a0af;2b3291ef-da65-44ad-8d3c-437bd95c219d
3d46ec72-381e-4446-a305-ddc1b5d1a0af;d230dce0-ac4a-4017-8c18-d8b7fe53adc0
54a192d9-b643-48e9-af78-da822e4dbc23;8e4e7e2f-dff7-402b-89c1-b1f8ae8332a0
a115b31c-ff3f-4581-ab46-2d198cc50abf;d230dce0-ac4a-4017-8c18-d8b7fe53adc0
a115b31c-ff3f-4581-ab46-2d198cc50abf;d0871708-4e0d-4fd0-8d29-4d8776b8966c
a115b31c-ff3f-4581-ab46-2d198cc50abf;8e4e7e2f-dff7-402b-89c1-b1f8ae8332a0
a115b31c-ff3f-4581-ab46-2d198cc50abf;2b3291ef-da65-44ad-8d3c-437bd95c219d
2cf7f8ee-d394-4ec2-a5c4-ae821926163c;d0871708-4e0d-4fd0-8d29-4d8776b8966c
2cf7f8ee-d394-4ec2-a5c4-ae821926163c;def3dad8-33fe-4cd0-9ae8-79e00f0c8d1f
937e3434-5014-48ab-b40c-94f519874721;d230dce0-ac4a-4017-8c18-d8b7fe53adc0
937e3434-5014-48ab-b40c-94f519874721;2b3291ef-da65-44ad-8d3c-437bd95c219d
937e3434-5014-48ab-b40c-94f519874721;def3dad8-33fe-4cd0-9ae8-79e00f0c8d1f
937e3434-5014-48ab-b40c-94f519874721;8e4e7e2f-dff7-402b-89c1-b1f8ae8332a0
7785332e-1805-4ff4-81cc-be91ea1cda08;d0871708-4e0d-4fd0-8d29-4d8776b8966c
7785332e-1805-4ff4-81cc-be91ea1cda08;def3dad8-33fe-4cd0-9ae8-79e00f0c8d1f
7785332e-1805-4ff4-81cc-be91ea1cda08;2b3291ef-da65-44ad-8d3c-437bd95c219d
7785332e-1805-4ff4-81cc-be91ea1cda08;d230dce0-ac4a-4017-8c18-d8b7fe53adc0
7785332e-1805-4ff4-81cc-be91ea1cda08;8e4e7e2f-dff7-402b-89c1-b1f8ae8332a0
f963acbc-bb9e-42a9-8491-84c23b58ff1b;d230dce0-ac4a-4017-8c18-d8b7fe53adc0
f963acbc-bb9e-42a9-8491-84c23b58ff1b;2b3291ef-da65-44ad-8d3c-437bd95c219d
f6320b87-f685-41d8-8fe5-00418f903a2a;d0871708-4e0d-4fd0-8d29-4d8776b8966c
f6320b87-f685-41d8-8fe5-00418f903a2a;2b3291ef-da65-44ad-8d3c-437bd95c219d
4e797328-0798-4a01-b4ce-88eedf65ef48;def3dad8-33fe-4cd0-9ae8-79e00f0c8d1f
4e797328-0798-4a01-b4ce-88eedf65ef48;2b3291ef-da65-44ad-8d3c-437bd95c219d
4e797328-0798-4a01-b4ce-88eedf65ef48;8e4e7e2f-dff7-402b-89c1-b1f8ae8332a0
4e797328-0798-4a01-b4ce-88eedf65ef48;d230dce0-ac4a-4017-8c18-d8b7fe53adc0
4e797328-0798-4a01-b4ce-88eedf65ef48;d0871708-4e0d-4fd0-8d29-4d8776b8966c
a2511176-ea94-4232-a186-8ca87310511c;d230dce0-ac4a-4017-8c18-d8b7fe53adc0
a2511176-ea94-4232-a186-8ca87310511c;def3dad8-33fe-4cd0-9ae8-79e00f0c8d1f
074116a8-a7a6-4da2-be0b-cb02a0152106;8e4e7e2f-dff7-402b-89c1-b1f8ae8332a0
074116a8-a7a6-4da2-be0b-cb02a0152106;2b3291ef-da65-44ad-8d3c-437bd95c219d
074116a8-a7a6-4da2-be0b-cb02a0152106;def3dad8-33fe-4cd0-9ae8-79e00f0c8d1f
074116a8-a7a6-4da2-be0b-cb02a0152106;d0871708-4e0d-4fd0-8d29-4d8776b8966c
074116a8-a7a6-4da2-be0b-cb02a0152106;d230dce0-ac4a-4017-8c18-d8b7fe53adc0
074116a8-a7a6-4da2-be0b-cb02a0152106;f7771fa9-5967-4c61-b3a0-a5665644edc2
7ae30ce5-f46e-41ef-96bf-755b46999389;8e4e7e2f-dff7-402b-89c1-b1f8ae8332a0
7ae30ce5-f46e-41ef-96bf-755b46999389;def3dad8-33fe-4cd0-9ae8-79e00f0c8d1f
3e83091b-30cd-4adc-b604-84eb55440624;def3dad8-33fe-4cd0-9ae8-79e00f0c8d1f
3e83091b-30cd-4adc-b604-84eb55440624;2b3291ef-da65-44ad-8d3c-437bd95c219d
3e83091b-30cd-4adc-b604-84eb55440624;d0871708-4e0d-4fd0-8d29-4d8776b8966c
3e83091b-30cd-4adc-b604-84eb55440624;8e4e7e2f-dff7-402b-89c1-b1f8ae8332a0
aac4c1e4-52d6-4338-83de-ea09ad7ea2fb;d230dce0-ac4a-4017-8c18-d8b7fe53adc0
aac4c1e4-52d6-4338-83de-ea09ad7ea2fb;def3dad8-33fe-4cd0-9ae8-79e00f0c8d1f
aac4c1e4-52d6-4338-83de-ea09ad7ea2fb;8e4e7e2f-dff7-402b-89c1-b1f8ae8332a0
aac4c1e4-52d6-4338-83de-ea09ad7ea2fb;2b3291ef-da65-44ad-8d3c-437bd95c219d
aac4c1e4-52d6-4338-83de-ea09ad7ea2fb;d0871708-4e0d-4fd0-8d29-4d8776b8966c
0f37997d-6efe-4733-b065-32ec6e3c7dcb;2b3291ef-da65-44ad-8d3c-437bd95c219d
3a22cf97-abdb-4530-a726-a9a1da0ab818;2b3291ef-da65-44ad-8d3c-437bd95c219d
3a22cf97-abdb-4530-a726-a9a1da0ab818;d230dce0-ac4a-4017-8c18-d8b7fe53adc0
3a22cf97-abdb-4530-a726-a9a1da0ab818;def3dad8-33fe-4cd0-9ae8-79e00f0c8d1f
599a567a-2e55-4c54-8efa-5287323cdea3;2b3291ef-da65-44ad-8d3c-437bd95c219d
599a567a-2e55-4c54-8efa-5287323cdea3;d230dce0-ac4a-4017-8c18-d8b7fe53adc0
62f6b8b6-e7ab-4b42-afac-4af88161aac0;8e4e7e2f-dff7-402b-89c1-b1f8ae8332a0
62f6b8b6-e7ab-4b42-afac-4af88161aac0;d0871708-4e0d-4fd0-8d29-4d8776b8966c
