91849fc1-0a7b-4f29-a218-95d5373698fb;1eff4481-88c5-46bb-ace8-8d3a7b092033
becfaf06-cb28-4822-b3b0-5583b70cbdc2;ccf8223c-eb36-4352-b9ae-14a64414f0b4
07b46400-7eb4-49b4-bda3-fa725e2e11b4;8eedd005-1eb8-4efb-8f60-f6aa5ed3d265
a42bb8d1-518b-43e3-a5df-8b617ead636b;8eedd005-1eb8-4efb-8f60-f6aa5ed3d265
df0f1fa8-8ed7-4686-8480-ade3f021e1d6;ccf8223c-eb36-4352-b9ae-14a64414f0b4
5c32c289-3812-4a81-b732-154f5841d805;9767b7fb-c6ed-4554-986c-f168f8c5d91a
e5c12395-9408-4aae-b4ca-2e6f02dec255;b2c84041-dc44-46bd-a8bd-f185e4852e53
04242492-2678-45ad-903c-b2f052a9d4a4;8eedd005-1eb8-4efb-8f60-f6aa5ed3d265
0d5c6765-b15d-41ae-baf9-22e29b76d3a3;9767b7fb-c6ed-4554-986c-f168f8c5d91a
8285b5b3-686e-4941-938a-acf241e153d1;8eedd005-1eb8-4efb-8f60-f6aa5ed3d265
a9a0befd-964e-4802-9006-6da56d70e3c5;ccf8223c-eb36-4352-b9ae-14a64414f0b4
c0366700-cb12-40d2-ad3a-ddda1d1abbd6;1eff4481-88c5-46bb-ace8-8d3a7b092033
3d9d6006-2f2b-4969-b5a6-61232f39e2aa;d5cec8d2-949e-42bf-844b-5d2b8254ae5c
2fc2424b-e57e-4437-9b40-4669048dd433;d5cec8d2-949e-42bf-844b-5d2b8254ae5c
213f2f66-3421-4d17-988d-625d9f6d1d80;d5cec8d2-949e-42bf-844b-5d2b8254ae5c
bc024a2b-ec7e-49db-b826-cddf63cad198;b2c84041-dc44-46bd-a8bd-f185e4852e53
8c831096-c10e-468d-9ecf-99899076f492;ccf8223c-eb36-4352-b9ae-14a64414f0b4
d6e1e5fb-4d41-4be0-8fcd-3e20caddf866;ccf8223c-eb36-4352-b9ae-14a64414f0b4
9033dabc-efe4-4caf-97bd-e799588a8280;8eedd005-1eb8-4efb-8f60-f6aa5ed3d265
2651e37e-4e72-44d3-b14b-8c471f1881b3;9767b7fb-c6ed-4554-986c-f168f8c5d91a
87a09bec-5d58-4830-b98f-1f78213b08ba;ccf8223c-eb36-4352-b9ae-14a64414f0b4
d26a7fc6-6b39-4bc7-ac3f-aea8fed19413;b2c84041-dc44-46bd-a8bd-f185e4852e53
2641e234-f9fa-410b-b325-674ceeb54809;9767b7fb-c6ed-4554-986c-f168f8c5d91a
236e193e-8d1d-4b9d-99f1-5cb997647ed4;ccf8223c-eb36-4352-b9ae-14a64414f0b4
782da270-a9c1-484d-bbc4-c5a77e92f09c;9767b7fb-c6ed-4554-986c-f168f8c5d91a
ca935525-6c13-4e18-8842-74e541b0107b;8eedd005-1eb8-4efb-8f60-f6aa5ed3d265
c433be15-1b24-40d3-8e9e-11d861c53865;9767b7fb-c6ed-4554-986c-f168f8c5d91a
7be011c1-a734-444e-aaf2-d610b30f36f3;d5cec8d2-949e-42bf-844b-5d2b8254ae5c
a9427feb-5827-4f8b-a30f-6be1a3af1ad2;d5cec8d2-949e-42bf-844b-5d2b8254ae5c
36928089-832b-440f-a2e3-a31a519b3865;9767b7fb-c6ed-4554-986c-f168f8c5d91a
d6dd62aa-0e56-4a33-b182-5c1f34673300;8eedd005-1eb8-4efb-8f60-f6aa5ed3d265
122d3e94-f174-4dcf-b510-0715d0a1a849;1eff4481-88c5-46bb-ace8-8d3a7b092033
a2bd2d33-acb4-4f7b-a3f6-d578e299e71b;d5cec8d2-949e-42bf-844b-5d2b8254ae5c
0fde2669-25cd-47a7-a68a-d898097f8671;1eff4481-88c5-46bb-ace8-8d3a7b092033
5cb8ebf1-4004-4bac-811a-cb5caa217404;d5cec8d2-949e-42bf-844b-5d2b8254ae5c
92f7ec9e-231f-475f-85e6-9fef688abf4e;9767b7fb-c6ed-4554-986c-f168f8c5d91a
041fe288-0ba0-493a-afa2-d8a9f3adace4;d5cec8d2-949e-42bf-844b-5d2b8254ae5c
876e9bdf-f738-427f-b875-d01de00fd4dd;ccf8223c-eb36-4352-b9ae-14a64414f0b4
5817fdd0-ceb9-417b-8287-5faf98129f55;8eedd005-1eb8-4efb-8f60-f6aa5ed3d265
9e025b93-85f9-47e9-86c9-7b3876937297;1eff4481-88c5-46bb-ace8-8d3a7b092033
fa2b83e2-94e0-4af9-8c4f-ebebe4644f36;1eff4481-88c5-46bb-ace8-8d3a7b092033
b622f6cc-7bec-4b46-89c1-54bc5a1449fe;1eff4481-88c5-46bb-ace8-8d3a7b092033
cd01a678-6c14-4a17-b07d-7d39bf885e64;1eff4481-88c5-46bb-ace8-8d3a7b092033
ec11e1af-32c2-46db-be70-252c3d56982d;9767b7fb-c6ed-4554-986c-f168f8c5d91a
c7de0b0b-5da3-4b53-a411-6d35eebfa3e9;9767b7fb-c6ed-4554-986c-f168f8c5d91a
29c74fac-1dd5-4227-b674-d2931cb1941e;8eedd005-1eb8-4efb-8f60-f6aa5ed3d265
7afd6d6b-8b0a-44e8-a60d-4d7937e126f0;ccf8223c-eb36-4352-b9ae-14a64414f0b4
7ad06cb3-fc98-4deb-a208-12d8c61543e8;9767b7fb-c6ed-4554-986c-f168f8c5d91a
835421ce-076c-44e0-9edd-0428823a216b;b2c84041-dc44-46bd-a8bd-f185e4852e53
21535f10-e78b-439a-816e-3374e71b8372;9767b7fb-c6ed-4554-986c-f168f8c5d91a
22abc332-f69b-4c13-932f-184250763023;8eedd005-1eb8-4efb-8f60-f6aa5ed3d265
f825a966-611a-4f1d-ad0f-38a785898aaf;d5cec8d2-949e-42bf-844b-5d2b8254ae5c
33a7ce9d-a3b3-46ee-8e75-83f9ddd82428;d5cec8d2-949e-42bf-844b-5d2b8254ae5c
e2fac67f-0793-41cf-ab5d-a36094b9b98a;b2c84041-dc44-46bd-a8bd-f185e4852e53
38179b19-5ff7-4115-bcb4-52bdcaf64d5c;1eff4481-88c5-46bb-ace8-8d3a7b092033
1460c191-4d34-4ad6-9dac-017274a9b9be;d5cec8d2-949e-42bf-844b-5d2b8254ae5c
243d1bd6-3497-4aec-98f1-6ab12373e6b9;b2c84041-dc44-46bd-a8bd-f185e4852e53
2eba278c-297a-4184-8fff-4ee9dbc920ad;9767b7fb-c6ed-4554-986c-f168f8c5d91a
74a9a157-bae4-49fc-a0ba-c36861dd788c;8eedd005-1eb8-4efb-8f60-f6aa5ed3d265
6d78cce3-ea14-4503-b2c5-6a7a4fc58443;9767b7fb-c6ed-4554-986c-f168f8c5d91a
a38e786c-9ad9-4fe1-b988-5b5d77f1240f;b2c84041-dc44-46bd-a8bd-f185e4852e53
75ff7a0b-dc15-4edc-bca1-b54a8b19f7b7;b2c84041-dc44-46bd-a8bd-f185e4852e53
6e7d4c61-7c94-42c0-8f8d-02ccda72333d;d5cec8d2-949e-42bf-844b-5d2b8254ae5c
d6ae2566-6492-43f0-81a5-d170785afbd4;9767b7fb-c6ed-4554-986c-f168f8c5d91a
3399271e-a616-4a6d-aacc-81d636358f14;1eff4481-88c5-46bb-ace8-8d3a7b092033
a1227175-ddc3-43b1-b075-92c05f26db4a;d5cec8d2-949e-42bf-844b-5d2b8254ae5c
5524c18f-3cbc-45e7-bc47-be5cfb80b13b;1260ae2f-33ab-4277-b6e1-c2091cd8c285
e8e89570-aee3-4734-b510-4dd1c70b6bc0;ccf8223c-eb36-4352-b9ae-14a64414f0b4
bb25c541-45bc-482f-b69c-90e902af2ae4;1eff4481-88c5-46bb-ace8-8d3a7b092033
bd684e9a-8a27-4b58-8c6f-cfbbc1ba94dd;1260ae2f-33ab-4277-b6e1-c2091cd8c285
e49fdaa4-e42d-4369-81fd-7d677b689ee8;b2c84041-dc44-46bd-a8bd-f185e4852e53
8cf043b4-2286-44a2-a659-913b4a0de0b9;d5cec8d2-949e-42bf-844b-5d2b8254ae5c
5d0c1f98-49e5-4754-9a19-98ef5308f75e;8eedd005-1eb8-4efb-8f60-f6aa5ed3d265
b929517a-cdf0-46ef-85e3-65311908a739;d5cec8d2-949e-42bf-844b-5d2b8254ae5c
2cc57d10-33e7-4887-9a5d-1b520e048fdb;1eff4481-88c5-46bb-ace8-8d3a7b092033
75488cea-775d-456b-b1e1-e9c256d36f51;b2c84041-dc44-46bd-a8bd-f185e4852e53
41205b01-3ab9-48a8-9cf3-256b27c29155;b2c84041-dc44-46bd-a8bd-f185e4852e53
f4a1164b-4ea1-476e-8848-ad18e4a1b635;8eedd005-1eb8-4efb-8f60-f6aa5ed3d265
e04230ae-e508-43f1-95cc-e20b8e8bcb2b;8eedd005-1eb8-4efb-8f60-f6aa5ed3d265
c55cb713-b707-43f7-ad29-f487be2f46f4;d5cec8d2-949e-42bf-844b-5d2b8254ae5c
21abbb14-600d-44e9-a3db-849b3a951aed;1eff4481-88c5-46bb-ace8-8d3a7b092033
4cf00bf9-d1d1-4ed9-a424-723c52b2281a;ccf8223c-eb36-4352-b9ae-14a64414f0b4
d2fb4781-d5ab-46da-a444-f087e2be2f3e;ccf8223c-eb36-4352-b9ae-14a64414f0b4
98c992db-276f-451f-85d4-e877b9111943;1eff4481-88c5-46bb-ace8-8d3a7b092033
b708faef-53b8-4c46-a97c-fff42c217469;8eedd005-1eb8-4efb-8f60-f6aa5ed3d265
08b76f16-2965-4fd5-8107-1cddf9f833bc;b2c84041-dc44-46bd-a8bd-f185e4852e53
b4a38669-0cb6-4e5d-9aa0-50ac2ad89a16;ccf8223c-eb36-4352-b9ae-14a64414f0b4
1934e320-84e6-4b3f-b2a4-6daf06c9d156;b2c84041-dc44-46bd-a8bd-f185e4852e53
b1a5375b-cdf5-43a3-a051-5de393deb30f;ccf8223c-eb36-4352-b9ae-14a64414f0b4
f7d7aad5-f9a5-4c52-aebe-4da5fe3bb6d9;8eedd005-1eb8-4efb-8f60-f6aa5ed3d265
6ebe46cf-2af1-4de3-85dd-fe85c3b61eda;b2c84041-dc44-46bd-a8bd-f185e4852e53
ae04a8f1-6bb3-4a3a-a50a-a6d8f871fe89;9767b7fb-c6ed-4554-986c-f168f8c5d91a
2492862b-b01c-48f6-80fd-6fbe621250f7;b2c84041-dc44-46bd-a8bd-f185e4852e53
456e225b-af53-4e43-8cb4-7a923cecbf9d;8eedd005-1eb8-4efb-8f60-f6aa5ed3d265
fa39a05f-4a3c-48e1-881d-b8f9b6d60231;1eff4481-88c5-46bb-ace8-8d3a7b092033
634ea2c5-0b68-4592-a7ae-17c72292c6bd;1eff4481-88c5-46bb-ace8-8d3a7b092033
6515a88b-a916-4fb9-bd09-ae423d893751;9767b7fb-c6ed-4554-986c-f168f8c5d91a
cba20514-ee89-4ab1-9fff-e9e8d42fcae9;9767b7fb-c6ed-4554-986c-f168f8c5d91a
e0992d40-8d14-4adb-837f-46fd933aaf90;8eedd005-1eb8-4efb-8f60-f6aa5ed3d265
8e92f60b-6996-4053-8ff4-142721a79e43;b2c84041-dc44-46bd-a8bd-f185e4852e53
b7120231-6c73-413e-ad14-49391c87a5c7;b2c84041-dc44-46bd-a8bd-f185e4852e53
478dacc4-7f6e-4250-9558-ba429c2d4b53;1eff4481-88c5-46bb-ace8-8d3a7b092033
9c199ad5-338d-45a0-8fbf-529f4cb34b81;9767b7fb-c6ed-4554-986c-f168f8c5d91a
e0ceabe9-4214-40ce-b06e-8fba6374d611;d5cec8d2-949e-42bf-844b-5d2b8254ae5c
70877ed7-cb3b-460b-bd29-92ba068baff1;b2c84041-dc44-46bd-a8bd-f185e4852e53
4767e88c-fcd4-4aa8-8b01-ab3588b0cdbf;b2c84041-dc44-46bd-a8bd-f185e4852e53
01d2e5c1-b280-4c08-a1ae-c548e8c18b61;8eedd005-1eb8-4efb-8f60-f6aa5ed3d265
5bcaeba4-c0f6-4280-852d-870e69435a0f;d5cec8d2-949e-42bf-844b-5d2b8254ae5c
2857c0cc-3a2d-4dda-b720-463e1c51467d;1260ae2f-33ab-4277-b6e1-c2091cd8c285
f3b8c7f7-63d3-4a6e-be67-a6aaadc90bd1;1eff4481-88c5-46bb-ace8-8d3a7b092033
6d69d0d3-4499-4905-a096-b4edf708ff7c;ccf8223c-eb36-4352-b9ae-14a64414f0b4
8da550ae-891e-4e9d-96a6-33d75343834e;d5cec8d2-949e-42bf-844b-5d2b8254ae5c
83549902-1ab0-4943-bc0e-a096e61789ff;1eff4481-88c5-46bb-ace8-8d3a7b092033
5d64a4b3-391d-4cb8-97da-ad0b533757bb;1eff4481-88c5-46bb-ace8-8d3a7b092033
94ecec8c-433b-4d05-af4b-35eff9bee740;ccf8223c-eb36-4352-b9ae-14a64414f0b4
a687f82c-3ce5-4463-909e-695328f035d9;8eedd005-1eb8-4efb-8f60-f6aa5ed3d265
7b686402-4c83-41b8-9b58-20712bf1f473;d5cec8d2-949e-42bf-844b-5d2b8254ae5c
679586a4-3975-48f0-8b1c-e5a4eabb891a;ccf8223c-eb36-4352-b9ae-14a64414f0b4
d8b80a2b-ddda-4883-8c1e-b89eb8b8c0f9;9767b7fb-c6ed-4554-986c-f168f8c5d91a
c53d0d29-f670-4b5b-a42c-9efc535e4f9a;ccf8223c-eb36-4352-b9ae-14a64414f0b4
abb0a476-12a1-4a7b-a1a4-ac937e2a29e7;ccf8223c-eb36-4352-b9ae-14a64414f0b4
7a0027b6-84c3-492a-8f62-3c1c1515b0e3;b2c84041-dc44-46bd-a8bd-f185e4852e53
6e83ca9d-92cd-420d-8a6d-e2790c9a0fa4;ccf8223c-eb36-4352-b9ae-14a64414f0b4
